node,chain,resname,resid,degree,degree_centrality,betweenness_centrality,closeness_centrality,eigenvector_centrality,community
0,A,MET,1,8,0.10666666666666667,0.010309398270038293,0.32051282051282054,0.0989563706067309,4
1,A,GLN,2,10,0.13333333333333333,0.014796140846806386,0.3409090909090909,0.14028914605249576,4
2,A,ILE,3,13,0.17333333333333334,0.05847620430048018,0.38071065989847713,0.1959208249606277,4
3,A,PHE,4,12,0.16,0.037605684497751334,0.36585365853658536,0.20068084633264235,4
4,A,VAL,5,12,0.16,0.04873598494830923,0.3768844221105528,0.2144928307450806,0
5,A,LYS,6,12,0.16,0.03214378670319778,0.3424657534246575,0.19286503823921575,0
6,A,THR,7,11,0.14666666666666667,0.037052369294212774,0.32894736842105265,0.15637866117926688,0
7,A,LEU,8,7,0.09333333333333334,0.014119371549889733,0.30364372469635625,0.09396709771624492,0
8,A,THR,9,4,0.05333333333333334,0.0,0.2508361204013378,0.043247717673686695,0
9,A,GLY,10,6,0.08,0.0011806763225362875,0.26785714285714285,0.07360433739851216,0
10,A,LYS,11,7,0.09333333333333334,0.003861185508580247,0.28517110266159695,0.08628102892768033,0
11,A,THR,12,8,0.10666666666666667,0.009358325901452007,0.3048780487804878,0.1254425521813399,0
12,A,ILE,13,8,0.10666666666666667,0.02041917826154898,0.3333333333333333,0.13292272624715545,0
13,A,THR,14,8,0.10666666666666667,0.010856815129931677,0.33482142857142855,0.13267252696137163,4
14,A,LEU,15,10,0.13333333333333333,0.10477367552712781,0.3787878787878788,0.15203749944163433,4
15,A,GLU,16,7,0.09333333333333334,0.0118455560633675,0.33482142857142855,0.09668906992166927,4
16,A,VAL,17,9,0.12000000000000001,0.049851710321561285,0.3605769230769231,0.11755415650977587,4
17,A,GLU,18,7,0.09333333333333334,0.012885630979850937,0.30364372469635625,0.07971665565131364,3
18,A,PRO,19,10,0.13333333333333333,0.023140870216131013,0.3073770491803279,0.10526557448273753,3
19,A,SER,20,7,0.09333333333333334,0.0024695713244940604,0.29296875,0.08269566469701031,3
20,A,ASP,21,10,0.13333333333333333,0.03137722798695393,0.35046728971962615,0.12241143344430638,3
21,A,THR,22,11,0.14666666666666667,0.024414175602761337,0.33482142857142855,0.1324140622404653,3
22,A,ILE,23,13,0.17333333333333334,0.08453087446401468,0.375,0.15570115898232548,3
23,A,GLU,24,10,0.13333333333333333,0.04240699713414251,0.352112676056338,0.11575907473543064,3
24,A,ASN,25,8,0.10666666666666667,0.01287533284137626,0.35046728971962615,0.10168640652440429,1
25,A,VAL,26,10,0.13333333333333333,0.0528743748719004,0.375,0.12377027971663283,1
26,A,LYS,27,10,0.13333333333333333,0.061587326676626156,0.38860103626943004,0.11937218051704124,1
27,A,ALA,28,9,0.12000000000000001,0.011291659472384636,0.3409090909090909,0.09817066436266277,1
28,A,LYS,29,9,0.12000000000000001,0.03399019771490337,0.35377358490566035,0.09693107390024265,1
29,A,ILE,30,12,0.16,0.07842049596510461,0.3694581280788177,0.11400469765035545,1
30,A,GLN,31,11,0.14666666666666667,0.012393199864678649,0.3246753246753247,0.09358728668080006,1
31,A,ASP,32,8,0.10666666666666667,0.0020295959271377727,0.3048780487804878,0.06685358125389282,1
32,A,LYS,33,6,0.08,0.00025225225225225225,0.2777777777777778,0.04994597615099117,1
33,A,GLU,34,6,0.08,0.0005982313905100789,0.2964426877470356,0.04824652131350409,1
34,A,GLY,35,7,0.09333333333333334,0.002503809982101372,0.29880478087649404,0.054132959275515966,1
35,A,ILE,36,9,0.12000000000000001,0.03211774402243218,0.3393665158371041,0.07911189664800466,1
36,A,PRO,37,7,0.09333333333333334,0.008922920807478186,0.31512605042016806,0.061721827355351824,5
37,A,PRO,38,10,0.13333333333333333,0.05538511931090311,0.36585365853658536,0.0992192506586405,5
38,A,ASP,39,5,0.06666666666666667,0.0008188914188914189,0.3073770491803279,0.046763872471620546,5
39,A,GLN,40,10,0.13333333333333333,0.055527559668853727,0.3303964757709251,0.07918368910947948,5
40,A,GLN,41,12,0.16,0.09933751504682344,0.390625,0.13345939007322363,5
41,A,ARG,42,10,0.13333333333333333,0.056137147098010626,0.3768844221105528,0.13106775212627966,5
42,A,LEU,43,10,0.13333333333333333,0.03728865544345067,0.39267015706806285,0.15827354065324958,2
43,A,ILE,44,12,0.16,0.050104143394871875,0.3712871287128713,0.16074694379701226,2
44,A,PHE,45,10,0.13333333333333333,0.037612486572174426,0.35545023696682465,0.13169354274173392,2
45,A,ALA,46,4,0.05333333333333334,0.0,0.2767527675276753,0.04309118527562652,2
46,A,GLY,47,5,0.06666666666666667,0.00020273270273270277,0.2819548872180451,0.05219611320689695,2
47,A,LYS,48,6,0.08,0.0036505066849054813,0.3073770491803279,0.06410777893406297,2
48,A,GLN,49,8,0.10666666666666667,0.016313409139478846,0.33482142857142855,0.09547005257032028,2
49,A,LEU,50,10,0.13333333333333333,0.10039401560738606,0.3712871287128713,0.12489946682414074,2
50,A,GLU,51,7,0.09333333333333334,0.01307585445501465,0.32608695652173914,0.08259929025610507,3
51,A,ASP,52,8,0.10666666666666667,0.011802571526540984,0.33482142857142855,0.09849623997314357,3
52,A,GLY,53,7,0.09333333333333334,0.002437604455595026,0.30364372469635625,0.08658457424597756,3
53,A,ARG,54,9,0.12000000000000001,0.03329337055937019,0.33783783783783783,0.10657466749470923,3
54,A,THR,55,12,0.16,0.03177781751864571,0.3177966101694915,0.12973846923162147,3
55,A,LEU,56,13,0.17333333333333334,0.05117806088472469,0.3333333333333333,0.13257259752749698,3
56,A,SER,57,9,0.12000000000000001,0.005403380084931893,0.2830188679245283,0.08227744712269616,3
57,A,ASP,58,7,0.09333333333333334,0.006094734672572941,0.2964426877470356,0.06789138973134767,3
58,A,TYR,59,6,0.08,0.0006440409581557293,0.2757352941176471,0.05772722084607051,3
59,A,ASN,60,6,0.08,0.0009661922478875347,0.27472527472527475,0.051978018329098555,3
60,A,ILE,61,9,0.12000000000000001,0.03321099952826721,0.3125,0.08310419465294128,3
61,A,GLN,62,7,0.09333333333333334,0.015164999197370927,0.29880478087649404,0.06945722220784102,3
62,A,LYS,63,7,0.09333333333333334,0.005654919028722455,0.30991735537190085,0.08811535735886675,4
63,A,GLU,64,8,0.10666666666666667,0.010774292501649166,0.3246753246753247,0.11510089273783447,4
64,A,SER,65,9,0.12000000000000001,0.05495874317411787,0.352112676056338,0.13299237731404714,4
65,A,THR,66,9,0.12000000000000001,0.030315509443391543,0.36231884057971014,0.16538410998455733,4
66,A,LEU,67,11,0.14666666666666667,0.0718763429170708,0.38860103626943004,0.20345420761383237,0
67,A,HIS,68,10,0.13333333333333333,0.022715729778669903,0.3605769230769231,0.18156453910337061,0
68,A,LEU,69,12,0.16,0.08674294825471432,0.39473684210526316,0.195267468377507,0
69,A,VAL,70,10,0.13333333333333333,0.04762503534288747,0.3605769230769231,0.14369021028483123,5
70,A,LEU,71,7,0.09333333333333334,0.032351871806362724,0.3409090909090909,0.08226527389797218,5
71,A,ARG,72,8,0.10666666666666667,0.02677969650412556,0.3218884120171674,0.06999328943758966,5
72,A,LEU,73,6,0.08,0.03571517567921494,0.2767527675276753,0.027669552113176555,5
73,A,ARG,74,5,0.06666666666666667,0.016595770843884097,0.2640845070422535,0.01982396960941634,5
74,A,GLY,75,3,0.04,0.0,0.21865889212827988,0.005597006354047251,5
75,A,GLY,76,3,0.04,0.0,0.21865889212827988,0.005597006354047251,5
